State,Year,Rape,K&A,DD,AoW,AoM,DV,WT,Total_Crimes,Safety_Score
ANDHRA PRADESH,2001,871,765,420,3544,2271,5791,7,13669,73.83723155839681
ARUNACHAL PRADESH,2001,33,55,0,78,3,11,0,180,99.65547601730276
ASSAM,2001,817,1070,59,850,4,1248,0,4048,92.2520384335643
BIHAR,2001,888,518,859,562,21,1558,83,4489,91.40795467595605
CHHATTISGARH,2001,959,171,70,1763,161,840,0,3964,92.41281629215634
GOA,2001,12,6,2,17,7,11,0,55,99.89472878306474
GUJARAT,2001,286,857,67,756,111,3667,0,5744,89.00585690770585
HARYANA,2001,398,297,285,478,401,1513,0,3372,93.54591739080504
HIMACHAL PRADESH,2001,124,105,10,310,14,317,0,880,98.31566052903571
JAMMU & KASHMIR,2001,169,504,13,622,288,50,0,1646,96.84951958044635
JHARKHAND,2001,567,279,217,297,5,484,2,1851,96.45714504459671
KARNATAKA,2001,293,271,220,1665,81,1755,0,4285,91.79841518967959
KERALA,2001,562,97,27,1942,81,2561,0,5270,89.91310339547525
MADHYA PRADESH,2001,2851,668,609,7063,751,2562,0,14504,72.23902308310684
MAHARASHTRA,2001,1302,611,308,2823,1120,6090,1,12255,76.54365884469624
MANIPUR,2001,20,62,0,21,0,5,0,108,99.79328561038166
MEGHALAYA,2001,26,11,0,25,0,4,0,66,99.87367453967768
MIZORAM,2001,52,1,0,52,0,16,3,124,99.76266125636413
NAGALAND,2001,17,6,0,6,0,0,0,29,99.94449335834322
ODISHA,2001,790,434,294,1655,458,1266,0,4897,90.62703364850898
PUNJAB,2001,298,324,159,372,47,1128,0,2328,95.54415649044903
RAJASTHAN,2001,1049,2165,376,2878,56,5532,1,12057,76.92263522566321
SIKKIM,2001,8,2,0,0,14,0,0,24,99.9540634689737
TAMIL NADU,2001,423,607,191,1773,1012,815,14,4835,90.74570302032691
TRIPURA,2001,102,35,16,58,0,227,0,438,99.16165830877004
UTTAR PRADESH,2001,1958,2879,2211,2870,2575,7365,0,19858,61.99134861999004
UTTARAKHAND,2001,74,126,56,103,84,301,0,744,98.57596753818474
WEST BENGAL,2001,709,695,265,954,48,3859,3,6533,87.4956934502163
A & N ISLANDS,2001,3,2,0,19,1,9,0,34,99.93492324771275
CHANDIGARH,2001,18,50,3,24,15,36,0,146,99.72055276959001
D & N HAVELI,2001,6,2,0,7,0,4,0,19,99.96363357960418
DAMAN & DIU,2001,0,3,0,0,0,4,0,7,99.98660184511733
LAKSHADWEEP,2001,0,0,0,0,0,0,0,0,100.0
PUDUCHERRY,2001,9,3,1,35,27,3,0,78,99.85070627416452
ANDHRA PRADESH,2002,1002,854,449,3799,2024,7018,0,15146,71.01022087815335
ARUNACHAL PRADESH,2002,38,38,0,68,2,13,0,159,99.69567048195077
ASSAM,2002,970,1276,70,984,7,1694,0,5001,90.42797534739502
BIHAR,2002,1040,744,927,621,6,1577,38,4953,90.51984840944762
CHHATTISGARH,2002,992,154,85,1483,147,653,0,3514,93.27412624889944
GOA,2002,12,5,2,18,6,8,0,51,99.90238487156911
GUJARAT,2002,267,807,62,750,104,3321,0,5311,89.83462848830533
HARYANA,2002,361,290,256,454,1424,1565,0,4350,91.67400375148337
HIMACHAL PRADESH,2002,137,116,6,326,12,234,0,831,98.40944761321441
JAMMU & KASHMIR,2002,192,596,18,785,368,54,0,2013,96.1470734601692
JHARKHAND,2002,797,178,275,411,3,588,36,2288,95.62071737549286
KARNATAKA,2002,292,300,233,1648,100,1826,0,4399,91.58021666730467
KERALA,2002,499,91,17,2123,102,2836,0,5668,89.15132258928914
MADHYA PRADESH,2002,2891,639,674,7118,783,3117,0,15222,70.86475519657007
MAHARASHTRA,2002,1352,650,303,2686,769,5353,0,11113,78.72947211269762
MANIPUR,2002,14,82,0,58,0,10,0,164,99.6861003713203
MEGHALAYA,2002,38,10,0,23,0,0,0,71,99.8641044290472
MIZORAM,2002,76,2,0,73,0,3,0,154,99.70524059258125
NAGALAND,2002,17,4,0,1,0,0,0,22,99.95789151322589
ODISHA,2002,691,432,248,1605,188,1167,0,4331,91.71037017187919
PUNJAB,2002,299,354,166,341,145,944,0,2249,95.69536423841059
RAJASTHAN,2002,1051,2019,399,2730,44,5691,0,11934,77.15805994717299
SIKKIM,2002,6,2,0,17,0,3,0,28,99.94640738046932
TAMIL NADU,2002,534,714,243,1877,1718,1052,0,6138,88.25173219002411
TRIPURA,2002,108,48,16,128,0,236,0,536,98.97408414041266
UTTAR PRADESH,2002,1415,2298,1893,2145,1887,5679,0,15317,70.68292309459098
UTTARAKHAND,2002,89,155,66,145,97,316,1,869,98.33671477242277
WEST BENGAL,2002,759,694,273,964,34,4069,1,6794,86.99613367530529
A & N ISLANDS,2002,2,1,0,17,3,4,0,27,99.94832140259541
CHANDIGARH,2002,18,47,1,36,28,56,0,186,99.64399188454618
D & N HAVELI,2002,4,5,0,3,0,3,0,15,99.97128966810857
DAMAN & DIU,2002,0,2,0,0,0,3,0,5,99.99042988936952
LAKSHADWEEP,2002,1,0,0,1,0,0,0,2,99.99617195574781
PUDUCHERRY,2002,6,6,5,59,26,9,0,111,99.78754354400337
ANDHRA PRADESH,2003,946,931,466,4128,2286,8167,5,16929,67.59751942732458
ARUNACHAL PRADESH,2003,31,51,0,43,0,14,0,139,99.73395092447268
ASSAM,2003,1095,1351,60,878,6,1808,0,5198,90.05091298855415
BIHAR,2003,985,674,909,688,11,1880,37,5184,90.07770929831949
CHHATTISGARH,2003,898,149,79,1481,105,601,0,3313,93.65884469624469
GOA,2003,31,13,2,19,7,24,0,96,99.8162538758948
GUJARAT,2003,236,859,54,722,92,3684,0,5647,89.19151705393715
HARYANA,2003,353,271,222,344,1302,1618,0,4110,92.13336906174635
HIMACHAL PRADESH,2003,126,96,6,250,18,221,0,717,98.62764613558933
JAMMU & KASHMIR,2003,211,615,10,875,376,71,0,2158,95.86954025188531
JHARKHAND,2003,712,262,262,424,2,559,0,2221,95.74895685794128
KARNATAKA,2003,321,244,194,1585,84,1704,0,4132,92.09126057497224
KERALA,2003,394,102,33,1947,68,2930,0,5474,89.52264288175171
MADHYA PRADESH,2003,2738,608,648,6848,705,2938,0,14485,72.27538950350267
MAHARASHTRA,2003,1268,626,368,2661,682,5452,0,11057,78.83665735175899
MANIPUR,2003,18,71,0,44,0,4,0,137,99.73777896872488
MEGHALAYA,2003,40,10,0,13,1,4,0,68,99.86984649542549
MIZORAM,2003,54,2,0,88,0,3,0,147,99.71863874746393
NAGALAND,2003,14,3,0,4,2,0,1,24,99.9540634689737
ODISHA,2003,725,373,279,1669,188,1289,0,4523,91.3428779236688
PUNJAB,2003,380,295,110,346,199,987,0,2317,95.56521073383608
RAJASTHAN,2003,1050,1750,389,2715,33,5733,1,11671,77.66144776633618
SIKKIM,2003,10,0,0,25,0,1,0,36,99.93109520346056
TAMIL NADU,2003,557,632,220,2022,881,1555,1,5868,88.76851816406997
TRIPURA,2003,114,29,20,127,0,247,0,537,98.97217011828657
UTTAR PRADESH,2003,911,1499,1322,1098,4970,2626,0,12426,76.21636106113387
UTTARAKHAND,2003,107,134,93,136,98,317,0,885,98.30609041840523
WEST BENGAL,2003,1002,801,329,1186,71,4948,1,8338,84.0408835126134
A & N ISLANDS,2003,2,2,0,9,2,7,0,22,99.95789151322589
CHANDIGARH,2003,18,28,1,11,4,93,0,155,99.70332657045516
D & N HAVELI,2003,1,4,0,4,0,2,0,11,99.97894575661294
DAMAN & DIU,2003,5,1,1,3,0,0,0,10,99.98085977873905
LAKSHADWEEP,2003,2,0,0,1,0,1,0,4,99.99234391149562
PUDUCHERRY,2003,2,13,1,56,27,4,0,103,99.80285572101214
ANDHRA PRADESH,2004,1016,1030,512,3817,2310,8388,2,17075,67.3180721969146
ARUNACHAL PRADESH,2004,42,41,0,61,0,4,0,148,99.71672472533783
ASSAM,2004,1171,1552,74,883,11,1945,0,5636,89.2125712973242
BIHAR,2004,1390,997,1029,704,13,2679,35,6847,86.89469050262221
CHHATTISGARH,2004,969,174,71,1661,131,741,0,3747,92.82815909351912
GOA,2004,37,10,2,23,15,17,0,104,99.80094169888604
GUJARAT,2004,339,905,58,757,164,3955,0,6178,88.17517130498028
HARYANA,2004,386,292,251,403,850,2026,0,4208,91.94579489338896
HIMACHAL PRADESH,2004,153,99,8,284,16,252,0,812,98.44581403361023
JAMMU & KASHMIR,2004,218,632,9,990,264,82,0,2195,95.79872143321977
JHARKHAND,2004,797,178,275,411,3,588,36,2288,95.62071737549286
KARNATAKA,2004,291,286,259,1435,57,1588,0,3916,92.50468935420894
KERALA,2004,480,142,31,2260,133,3222,0,6268,88.00290931363166
MADHYA PRADESH,2004,2875,584,751,6690,804,3436,0,15140,71.02170501090993
MAHARASHTRA,2004,1388,787,314,2831,862,5646,0,11828,77.36094629253914
MANIPUR,2004,31,71,0,30,0,2,0,134,99.74352103510317
MEGHALAYA,2004,54,18,2,34,0,5,0,113,99.78371549975118
MIZORAM,2004,20,0,0,66,0,0,0,86,99.83539409715576
NAGALAND,2004,18,4,0,3,1,0,0,26,99.95023542472151
ODISHA,2004,770,423,319,1811,170,1192,0,4685,91.03280633924128
PUNJAB,2004,390,311,113,261,38,801,0,1914,96.33656165065268
RAJASTHAN,2004,1038,1881,379,2825,41,6781,1,12946,75.22106955556407
SIKKIM,2004,3,4,0,40,0,1,0,48,99.9081269379474
TAMIL NADU,2004,618,692,225,1861,1081,1437,0,5914,88.68047314626958
TRIPURA,2004,160,54,20,134,0,302,0,670,98.71760517551583
UTTAR PRADESH,2004,1397,2324,1708,1900,2682,4950,3,14964,71.35857290510279
UTTARAKHAND,2004,115,127,82,143,110,405,0,982,98.12043027217395
WEST BENGAL,2004,1475,1018,396,1566,64,6334,12,10865,79.20414959996938
A & N ISLANDS,2004,10,3,0,6,3,5,0,27,99.94832140259541
CHANDIGARH,2004,19,43,6,20,18,73,0,179,99.65739003942886
D & N HAVELI,2004,7,7,0,5,0,3,0,22,99.95789151322589
DAMAN & DIU,2004,1,0,0,1,0,4,0,6,99.98851586724342
LAKSHADWEEP,2004,0,0,0,0,0,1,0,1,99.9980859778739
PUDUCHERRY,2004,4,8,6,50,30,2,0,100,99.80859778739043
ANDHRA PRADESH,2005,935,995,443,3595,2508,8696,3,17175,67.12666998430501
ARUNACHAL PRADESH,2005,35,39,0,67,0,9,0,150,99.71289668108564
ASSAM,2005,1238,1456,99,899,19,2206,3,5920,88.668989013513
BIHAR,2005,1147,929,1014,451,13,1574,74,5202,90.04325690004977
CHHATTISGARH,2005,990,184,100,1450,132,732,0,3588,93.13248861156835
GOA,2005,20,12,2,30,8,11,0,83,99.84113616353405
GUJARAT,2005,324,916,48,802,104,4090,0,6284,87.97228495961413
HARYANA,2005,461,344,212,380,597,2075,0,4069,92.21184396891628
HIMACHAL PRADESH,2005,141,102,2,286,29,228,0,788,98.49175056463653
JAMMU & KASHMIR,2005,201,658,5,830,371,76,0,2141,95.90207862802895
JHARKHAND,2005,753,283,257,293,36,590,4,2216,95.75852696857176
KARNATAKA,2005,343,312,261,1585,71,1883,0,4455,91.4730314282433
KERALA,2005,478,129,21,2339,175,3283,0,6425,87.70240783983462
MADHYA PRADESH,2005,2921,604,739,6426,792,2989,3,14474,72.29644374688971
MAHARASHTRA,2005,1545,851,341,3228,919,6233,0,13117,74.89377177200168
MANIPUR,2005,25,69,0,25,0,20,0,139,99.73395092447268
MEGHALAYA,2005,63,19,1,44,0,3,0,130,99.75117712360755
MIZORAM,2005,37,0,4,49,4,0,0,94,99.820081920147
NAGALAND,2005,17,9,0,7,0,0,0,33,99.93683726983883
ODISHA,2005,799,547,334,2238,184,1671,0,5773,88.95035026604907
PUNJAB,2005,398,329,99,308,43,729,0,1906,96.35187382766145
RAJASTHAN,2005,993,1549,361,2503,28,5997,0,11431,78.12081307659916
SIKKIM,2005,18,2,0,38,0,4,0,62,99.88133062818206
TAMIL NADU,2005,571,783,215,1764,665,1650,0,5648,89.18960303181105
TRIPURA,2005,162,43,34,161,1,439,0,840,98.39222141407954
UTTAR PRADESH,2005,1217,2256,1564,1835,2881,4505,0,14258,72.7098725261264
UTTARAKHAND,2005,133,125,63,100,89,272,0,782,98.5032346973931
WEST BENGAL,2005,1686,1039,446,1572,54,6936,61,11794,77.4260230448264
A & N ISLANDS,2005,4,1,0,11,1,5,0,22,99.95789151322589
CHANDIGARH,2005,33,45,3,31,9,75,0,196,99.62485166328523
D & N HAVELI,2005,5,9,0,5,0,5,0,24,99.9540634689737
DAMAN & DIU,2005,2,2,1,1,0,3,0,9,99.98277380086513
LAKSHADWEEP,2005,0,0,0,0,0,0,0,0,100.0
PUDUCHERRY,2005,6,3,4,60,26,6,0,105,99.79902767675995
ANDHRA PRADESH,2006,1049,1329,519,4534,2411,9164,0,19006,63.62209547142365
ARUNACHAL PRADESH,2006,37,51,1,63,2,14,0,168,99.6784442828159
ASSAM,2006,1244,1544,105,1290,10,2548,0,6741,87.09757684798836
BIHAR,2006,1232,1084,1188,530,53,1689,42,5818,88.86421927037476
CHHATTISGARH,2006,995,178,103,1598,143,717,1,3735,92.85112735903228
GOA,2006,21,10,0,18,7,14,0,70,99.86601845117329
GUJARAT,2006,354,945,50,736,138,4977,0,7200,86.2190406921104
HARYANA,2006,608,431,255,486,491,2254,0,4525,91.3390498794166
HIMACHAL PRADESH,2006,113,109,3,275,31,259,0,790,98.48792252038433
JAMMU & KASHMIR,2006,250,723,10,960,347,135,0,2425,95.35849634421774
JHARKHAND,2006,799,410,281,414,44,668,5,2621,94.98334800750297
KARNATAKA,2006,400,328,244,1683,38,2129,0,4822,90.77058530796616
KERALA,2006,601,202,25,2543,222,3708,0,7301,86.02572445737472
MADHYA PRADESH,2006,2900,617,764,6243,762,2989,0,14275,72.67733414998278
MAHARASHTRA,2006,1500,921,387,3479,984,6738,1,14010,73.18455001339815
MANIPUR,2006,40,79,0,42,0,10,0,171,99.67270221643763
MEGHALAYA,2006,74,25,6,57,0,13,0,175,99.66504612793324
MIZORAM,2006,72,1,0,51,0,1,0,125,99.76074723423802
NAGALAND,2006,23,3,0,3,2,3,0,34,99.93492324771275
ODISHA,2006,985,577,457,2415,247,694,12,5387,89.68916280672205
PUNJAB,2006,442,418,130,314,60,801,2,2167,95.85231405275044
RAJASTHAN,2006,1085,1553,394,2582,31,7038,3,12686,75.71871530834896
SIKKIM,2006,20,7,0,14,0,6,0,47,99.9100409600735
TAMIL NADU,2006,457,718,187,1179,852,1248,0,4641,91.1170233127895
TRIPURA,2006,189,62,35,207,0,471,0,964,98.15488267044367
UTTAR PRADESH,2006,1314,2551,1798,2096,2714,5204,0,15677,69.9938751291965
UTTARAKHAND,2006,147,183,80,153,113,358,0,1034,98.02090112161697
WEST BENGAL,2006,1731,1199,445,1837,63,7414,1,12690,75.71105921984459
A & N ISLANDS,2006,6,5,0,14,4,7,0,36,99.93109520346056
CHANDIGARH,2006,19,57,10,20,13,102,0,221,99.57700111013283
D & N HAVELI,2006,6,14,1,5,1,5,0,32,99.93875129196493
DAMAN & DIU,2006,3,1,0,2,0,2,0,8,99.98468782299123
LAKSHADWEEP,2006,0,0,0,0,0,1,0,1,99.9980859778739
PUDUCHERRY,2006,9,13,3,56,39,19,0,139,99.73395092447268
ANDHRA PRADESH,2007,1070,1564,613,4406,3316,11335,0,22304,57.30965049955977
ARUNACHAL PRADESH,2007,48,44,0,72,1,20,0,185,99.64590590667228
ASSAM,2007,1437,1471,100,789,10,3000,0,6807,86.97125138766604
BIHAR,2007,1555,1260,1172,853,12,1635,56,6543,87.47655322895532
CHHATTISGARH,2007,982,181,100,1549,111,824,0,3747,92.82815909351912
GOA,2007,20,7,2,20,7,14,0,70,99.86601845117329
GUJARAT,2007,316,1089,42,822,120,5827,0,8216,84.27439421199709
HARYANA,2007,488,554,269,417,409,2412,0,4549,91.2931133483903
HIMACHAL PRADESH,2007,159,150,8,322,33,342,0,1014,98.05918156413888
JAMMU & KASHMIR,2007,288,707,9,986,353,176,0,2519,95.17857826436473
JHARKHAND,2007,855,534,303,342,15,801,0,2850,94.54503694062703
KARNATAKA,2007,436,390,251,1828,28,2507,0,5440,89.58771963403896
KERALA,2007,512,177,27,2624,262,3999,0,7601,85.451517819546
MADHYA PRADESH,2007,3010,701,742,6772,780,3294,0,15299,70.7173754928607
MAHARASHTRA,2007,1451,967,436,3306,1039,7356,0,14555,72.14140795467596
MANIPUR,2007,20,83,0,70,0,15,0,188,99.640163840294
MEGHALAYA,2007,82,22,2,45,1,19,0,171,99.67270221643763
MIZORAM,2007,83,0,0,66,0,2,0,151,99.71098265895954
NAGALAND,2007,13,6,0,8,1,0,0,28,99.94640738046932
ODISHA,2007,939,660,461,2775,241,728,0,5804,88.8910155801401
PUNJAB,2007,519,545,133,427,48,971,0,2643,94.94123952072886
RAJASTHAN,2007,1238,1694,439,2477,28,8170,0,14046,73.11564521685871
SIKKIM,2007,24,9,0,13,0,7,0,53,99.89855682731692
TAMIL NADU,2007,523,1097,208,1540,875,1976,0,6219,88.09669639781036
TRIPURA,2007,157,81,36,244,4,545,0,1067,97.9577383914558
UTTAR PRADESH,2007,1648,3363,2076,2522,2882,7650,0,20141,61.449680358304946
UTTARAKHAND,2007,117,227,70,146,63,463,0,1086,97.92137197105998
WEST BENGAL,2007,2106,1590,451,2281,99,9900,5,16432,68.54878842399418
A & N ISLANDS,2007,3,9,1,21,2,18,0,54,99.89664280519082
CHANDIGARH,2007,22,46,1,32,11,112,0,224,99.57125904375455
D & N HAVELI,2007,7,6,0,0,0,3,0,16,99.96937564598247
DAMAN & DIU,2007,1,1,1,0,0,3,0,6,99.98851586724342
LAKSHADWEEP,2007,1,0,0,2,0,2,0,5,99.99042988936952
PUDUCHERRY,2007,9,14,2,89,32,17,0,163,99.6880143934464
ANDHRA PRADESH,2008,1257,1396,556,4730,3551,10306,0,21796,58.281973739616426
ARUNACHAL PRADESH,2008,42,47,0,72,1,13,0,175,99.66504612793324
ASSAM,2008,1438,1789,103,1272,2,3478,0,8082,84.53087317689392
BIHAR,2008,1302,1789,1210,999,21,1992,22,7335,85.96064770508747
CHHATTISGARH,2008,978,216,106,1621,125,897,0,3943,92.45301075680435
GOA,2008,30,28,2,32,12,12,0,116,99.77797343337289
GUJARAT,2008,374,1119,27,828,122,6094,0,8564,83.60831451211575
HARYANA,2008,631,644,302,435,605,2435,0,5052,90.33036021896413
HIMACHAL PRADESH,2008,157,137,3,295,41,343,0,976,98.13191440493053
JAMMU & KASHMIR,2008,219,656,21,935,296,162,0,2289,95.61880335336676
JHARKHAND,2008,791,499,266,271,23,851,39,2740,94.75557937449757
KARNATAKA,2008,446,405,259,1954,44,2638,1,5747,89.00011484132756
KERALA,2008,568,166,31,2745,258,4138,0,7906,84.86774107108678
MADHYA PRADESH,2008,2937,736,805,6445,758,3185,0,14866,71.54614707346016
MAHARASHTRA,2008,1558,998,390,3619,1091,7829,0,15485,70.36136737740688
MANIPUR,2008,38,87,1,57,0,28,0,211,99.5961413313938
MEGHALAYA,2008,88,25,2,54,4,32,0,205,99.60762546415036
MIZORAM,2008,77,1,0,78,0,5,0,161,99.69184243769858
NAGALAND,2008,19,7,0,15,1,4,0,46,99.91195498219959
ODISHA,2008,1113,762,401,2782,282,1618,0,6958,86.68223404662558
PUNJAB,2008,517,514,128,388,49,984,0,2580,95.06182291467289
RAJASTHAN,2008,1355,1863,439,2520,19,8113,0,14309,72.61225739769552
SIKKIM,2008,20,4,0,19,0,5,0,48,99.9081269379474
TAMIL NADU,2008,573,1160,207,1705,974,1648,0,6267,88.00482333575776
TRIPURA,2008,204,110,16,346,4,735,0,1415,97.29165869157447
UTTAR PRADESH,2008,1871,4439,2237,2955,3374,8312,0,23188,55.61765494009111
UTTARAKHAND,2008,87,222,73,120,306,340,0,1148,97.80270259924205
WEST BENGAL,2008,2263,1907,451,2396,94,13663,5,20779,60.22853424185583
A & N ISLANDS,2008,12,13,2,24,3,26,0,80,99.84687822991233
CHANDIGARH,2008,20,42,3,19,2,49,0,135,99.74160701297707
D & N HAVELI,2008,6,11,0,4,0,4,0,25,99.9521494468476
DAMAN & DIU,2008,0,1,0,2,1,5,0,9,99.98277380086513
LAKSHADWEEP,2008,2,1,0,0,0,1,0,4,99.99234391149562
PUDUCHERRY,2008,8,9,2,65,21,12,0,117,99.77605941124679
ANDHRA PRADESH,2009,1188,1526,546,5147,3520,11297,0,23224,55.548750143551665
ARUNACHAL PRADESH,2009,59,28,0,58,6,13,0,164,99.6861003713203
ASSAM,2009,1631,2092,170,1342,10,4398,1,9644,81.54117061593232
BIHAR,2009,929,1986,1295,726,12,2532,31,7511,85.62377981089462
CHHATTISGARH,2009,976,229,128,1598,152,893,0,3976,92.3898480266432
GOA,2009,47,22,3,37,10,21,0,140,99.7320369023466
GUJARAT,2009,433,1162,24,727,114,5506,0,7966,84.75289974352103
HARYANA,2009,603,659,281,451,605,2617,0,5216,90.01646059028442
HIMACHAL PRADESH,2009,183,122,1,318,37,284,0,945,98.19124909083949
JAMMU & KASHMIR,2009,237,825,12,972,371,196,0,2613,94.99866018451173
JHARKHAND,2009,719,517,295,276,83,710,6,2606,95.0120583393944
KARNATAKA,2009,509,408,264,2186,64,3185,2,6618,87.33300156949814
KERALA,2009,568,173,20,2540,395,4007,0,7703,85.25628756268422
MADHYA PRADESH,2009,2998,841,858,6307,728,3983,1,15716,69.91922826627876
MAHARASHTRA,2009,1483,926,341,3196,1099,7681,0,14726,71.81411017111358
MANIPUR,2009,31,97,0,39,2,25,0,194,99.62867970753742
MEGHALAYA,2009,112,26,0,72,1,24,1,236,99.5482907782414
MIZORAM,2009,83,0,0,61,1,4,0,149,99.71481070321173
NAGALAND,2009,22,10,0,11,0,0,0,43,99.91769704857788
ODISHA,2009,1023,799,384,2697,210,2047,1,7161,86.29368755502814
PUNJAB,2009,511,513,126,319,33,1061,0,2563,95.09436129081652
RAJASTHAN,2009,1519,2310,436,2485,24,10371,0,17145,67.18409064808789
SIKKIM,2009,18,6,0,10,0,6,0,40,99.92343911495617
TAMIL NADU,2009,596,1133,194,1242,501,1460,0,5126,90.18872258163304
TRIPURA,2009,190,92,29,384,5,815,0,1515,97.1002564789649
UTTAR PRADESH,2009,1759,5078,2232,2782,2524,8566,0,22941,56.09041840523676
UTTARAKHAND,2009,111,247,94,119,249,361,0,1181,97.73953986908089
WEST BENGAL,2009,2336,2187,506,1942,108,16112,5,23196,55.60234276308234
A & N ISLANDS,2009,18,14,1,30,7,21,0,91,99.82582398652528
CHANDIGARH,2009,29,36,2,26,2,51,0,146,99.72055276959001
D & N HAVELI,2009,4,9,0,2,1,3,0,19,99.96363357960418
DAMAN & DIU,2009,1,0,0,4,1,3,0,9,99.98277380086513
LAKSHADWEEP,2009,1,0,0,0,0,0,0,1,99.9980859778739
PUDUCHERRY,2009,1,13,0,53,16,10,0,93,99.82199594227309
ANDHRA PRADESH,2010,1362,1531,588,4634,4562,12080,0,24757,52.61455422424683
ARUNACHAL PRADESH,2010,47,46,0,84,1,12,0,190,99.6363357960418
ASSAM,2010,1721,2767,175,1400,20,5410,0,11493,78.00214370478122
BIHAR,2010,795,2569,1257,534,16,2271,8,7450,85.74053516058646
CHHATTISGARH,2010,1012,279,115,1706,182,861,2,4157,92.04341002181985
GOA,2010,36,18,1,36,16,17,0,124,99.76266125636413
GUJARAT,2010,408,1290,19,668,110,5600,0,8095,84.50599088925468
HARYANA,2010,720,714,284,476,580,2720,0,5494,89.4843624392298
HIMACHAL PRADESH,2010,160,162,2,350,78,275,0,1027,98.03429927649964
JAMMU & KASHMIR,2010,245,840,9,1038,262,211,0,2605,95.0139723615205
JHARKHAND,2010,773,696,276,245,16,650,8,2664,94.90104505608085
KARNATAKA,2010,586,586,248,2544,83,3441,0,7488,85.66780231979482
KERALA,2010,634,184,22,2936,537,4797,0,9110,82.56325843126747
MADHYA PRADESH,2010,3135,1030,892,6646,918,3756,5,16382,68.64448953029897
MAHARASHTRA,2010,1599,1124,393,3661,1180,7434,0,15391,70.54128545725987
MANIPUR,2010,34,107,0,31,0,18,0,190,99.6363357960418
MEGHALAYA,2010,149,37,0,48,0,24,0,258,99.50618229146728
MIZORAM,2010,92,0,0,75,0,3,0,170,99.67461623856371
NAGALAND,2010,16,6,0,13,3,1,0,39,99.92535313708227
ODISHA,2010,1025,912,388,2905,232,2067,5,7534,85.5797573019944
PUNJAB,2010,546,576,121,349,38,1163,0,2793,94.6541362018145
RAJASTHAN,2010,1571,2477,462,2339,23,11145,0,18017,65.51506335413237
SIKKIM,2010,18,6,1,11,0,3,0,39,99.92535313708227
TAMIL NADU,2010,686,1464,165,1405,638,1570,0,5928,88.65367683650423
TRIPURA,2010,238,91,25,376,9,937,0,1676,96.79209891666348
UTTAR PRADESH,2010,1563,5468,2217,2793,11,7978,0,20030,61.66213681430157
UTTARAKHAND,2010,121,249,75,125,165,334,0,1069,97.95391034720362
WEST BENGAL,2010,2311,2764,507,2465,163,17796,8,26014,50.208628411744435
A & N ISLANDS,2010,24,8,0,31,10,9,0,82,99.84305018566015
CHANDIGARH,2010,31,28,5,29,4,41,0,138,99.73586494659878
D & N HAVELI,2010,3,10,0,11,2,3,0,29,99.94449335834322
DAMAN & DIU,2010,1,2,0,2,0,3,0,8,99.98468782299123
LAKSHADWEEP,2010,0,0,0,0,0,0,0,0,100.0
PUDUCHERRY,2010,3,14,1,46,22,7,0,93,99.82199594227309
Andhra Pradesh,2011,1442,1612,599,0,3658,13376,497,21184,59.453355280787044
Arunachal Pradesh,2011,42,60,0,0,0,18,0,120,99.7703173448685
Assam,2011,1700,3192,121,0,8,5246,21,10288,80.30854036672665
Bihar,2011,934,3050,1413,0,11,2607,23,8038,84.61509015044214
Chhattisgarh,2011,1053,365,104,0,174,834,15,2545,95.12881368908624
Goa,2011,29,17,1,0,12,18,18,95,99.8181678980209
Gujarat,2011,439,1442,30,0,93,6052,46,8102,84.49259273437201
Haryana,2011,733,733,255,0,490,2740,57,5008,90.41457719251234
Himachal Pradesh,2011,168,191,4,0,62,239,2,666,98.72526126402022
Jammu & Kashmir,2011,277,1023,11,0,350,286,1,1948,96.27148489836543
Jharkhand,2011,784,660,282,0,7,659,15,2407,95.39294874248746
Karnataka,2011,636,715,267,0,81,3712,351,5762,88.97140450943613
Kerala,2011,1132,221,15,0,573,5377,197,7515,85.61612372239023
Madhya Pradesh,2011,3406,1088,811,0,762,3732,24,9823,81.19856065536118
Maharashtra,2011,1701,1252,339,0,1071,7136,390,11889,77.2441909428473
Manipur,2011,53,116,1,0,0,39,0,209,99.59996937564598
Meghalaya,2011,130,37,1,0,1,21,2,192,99.63250775178962
Mizoram,2011,77,0,0,0,1,9,8,95,99.8181678980209
Nagaland,2011,23,3,0,0,0,1,2,29,99.94449335834322
Odisha,2011,1112,1008,465,0,235,2320,23,5163,90.1179037629675
Punjab,2011,479,517,143,0,31,1136,50,2356,95.49056387091835
Rajasthan,2011,1800,2713,514,0,9,12218,81,17335,66.8204264441297
Sikkim,2011,16,10,0,0,0,4,1,31,99.94066531409104
Tamil Nadu,2011,677,1743,152,0,464,1812,420,5268,89.91693143972745
Telangana,2011,0,0,0,0,0,0,0,0,100.0
Tripura,2011,205,116,30,0,9,702,2,1064,97.9634804578341
Uttar Pradesh,2011,2042,7525,2322,0,3,7121,43,19056,63.52639436511886
Uttarakhand,2011,129,283,83,0,72,307,3,877,98.321402595414
West Bengal,2011,2363,3711,510,0,200,19772,96,26652,48.98748229529534
A & N Islands,2011,13,12,0,0,3,5,3,36,99.93109520346056
Chandigarh,2011,27,46,2,0,12,46,1,134,99.74352103510317
D&N Haveli,2011,4,8,0,0,0,3,1,16,99.96937564598247
Daman & Diu,2011,1,2,0,0,0,2,6,11,99.97894575661294
Delhi UT,2011,572,2085,142,0,162,1575,33,4569,91.2548329058684
Lakshadweep,2011,0,0,0,0,0,0,0,0,100.0
Puducherry,2011,7,9,1,0,16,10,3,46,99.91195498219959
Andhra Pradesh,2012,1341,1403,504,4816,3714,13389,472,25639,50.92638670903036
Arunachal Pradesh,2012,46,58,1,67,2,26,1,201,99.61528155265475
Assam,2012,1716,3360,140,1840,5,6407,30,13498,74.1645293419592
Bihar,2012,927,3789,1275,118,37,3686,35,9867,81.11434368181295
Chhattisgarh,2012,1034,350,81,1601,162,980,5,4213,91.93622478275849
Goa,2012,55,16,0,49,16,24,40,200,99.61719557478085
Gujarat,2012,473,1527,21,745,93,6658,44,9561,81.70003445239827
Haryana,2012,668,900,258,525,434,3137,69,5991,88.5330934425602
Himachal Pradesh,2012,183,152,2,250,68,251,6,912,98.25441182100064
Jammu & Kashmir,2012,303,1041,8,1322,347,301,3,3325,93.63587643073154
Jharkhand,2012,812,786,302,284,10,1261,12,3467,93.36408528882593
Karnataka,2012,621,1070,218,2978,100,3684,335,9006,82.76231673238144
Kerala,2012,1019,214,32,3735,498,5216,210,10924,79.09122229452973
Madhya Pradesh,2012,3425,1127,743,6655,774,3988,13,16725,67.98797994104812
Maharashtra,2012,1839,1140,329,3935,1294,7415,366,16318,68.7669869463691
Manipur,2012,63,133,0,49,1,43,15,304,99.41813727366689
Meghalaya,2012,164,24,1,43,0,16,7,255,99.51192435784557
Mizoram,2012,103,3,0,85,0,8,0,199,99.61910959690694
Nagaland,2012,21,10,0,16,0,0,4,51,99.90238487156911
Odisha,2012,1458,1364,525,4187,304,2638,24,10500,79.90276767599434
Punjab,2012,680,689,118,340,31,1293,86,3237,93.80431037782797
Rajasthan,2012,2049,2697,478,2352,18,13312,99,21005,59.79596524135819
Sikkim,2012,34,10,1,19,0,4,0,68,99.86984649542549
Tamil Nadu,2012,737,1693,110,1494,382,1965,500,6881,86.82961375033496
Telangana,2012,0,0,0,0,0,0,0,0,100.0
Tripura,2012,229,114,37,314,7,858,0,1559,97.01603950541669
Uttar Pradesh,2012,1963,7910,2244,3247,8,7661,31,23064,55.85499368372698
Uttarakhand,2012,148,256,71,139,73,368,12,1067,97.9577383914558
West Bengal,2012,2046,4168,593,3345,556,19865,109,30682,41.27397312712935
A & N Islands,2012,12,7,2,10,4,5,2,42,99.91961107070398
Chandigarh,2012,27,66,5,45,25,73,0,241,99.53872066761092
D&N Haveli,2012,3,9,0,2,0,0,2,16,99.96937564598247
Daman & Diu,2012,5,0,0,0,0,3,3,11,99.97894575661294
Delhi UT,2012,706,2160,134,727,208,1985,24,5944,88.6230524824867
Lakshadweep,2012,0,0,0,1,0,1,0,2,99.99617195574781
Puducherry,2012,13,16,0,9,2,6,4,50,99.90429889369521
Andhra Pradesh,2013,1635,1595,492,6930,4702,15084,489,30927,40.80503770623588
Arunachal Pradesh,2013,75,86,0,93,3,29,2,288,99.44876162768442
Assam,2013,1937,4222,170,2409,14,8636,18,17406,66.6845308731769
Bihar,2013,1128,4419,1182,331,52,4533,64,11709,77.58871492554454
Chhattisgarh,2013,1380,1881,109,2261,180,1181,8,7000,86.60184511732956
Goa,2013,86,70,0,162,54,40,28,440,99.15783026451786
Gujarat,2013,732,2230,29,1243,77,7812,76,12199,76.6508440837576
Haryana,2013,971,1957,263,1560,643,3617,63,9074,82.63216322780691
Himachal Pradesh,2013,250,290,0,493,111,328,4,1476,97.17490334188263
Jammu & Kashmir,2013,378,949,7,1389,354,428,1,3506,93.2894384259082
Jharkhand,2013,1204,926,307,524,18,2084,11,5074,90.28825173219002
Karnataka,2013,1030,1359,277,3913,137,3276,340,10332,80.22432339317842
Kerala,2013,1221,185,21,4362,404,4820,180,11193,78.57635034260996
Madhya Pradesh,2013,4335,2873,776,8252,736,4988,22,21982,57.925965624162615
Maharashtra,2013,3063,1874,320,8132,2632,8542,289,24852,52.432722122267734
Manipur,2013,72,125,0,59,0,29,0,285,99.45450369406271
Meghalaya,2013,183,33,2,98,0,23,4,343,99.34349041074915
Mizoram,2013,89,2,0,81,0,5,0,177,99.66121808368105
Nagaland,2013,31,11,1,18,1,4,1,67,99.87176051755158
Odisha,2013,1832,2067,395,4618,426,2792,27,12157,76.73123301305364
Punjab,2013,888,987,126,1045,67,1741,137,4991,90.44711556865597
Rajasthan,2013,3285,4047,453,4829,25,15094,74,27807,46.77678673965471
Sikkim,2013,43,16,0,29,0,5,0,93,99.82199594227309
Tamil Nadu,2013,923,1516,118,1271,313,2471,549,7161,86.29368755502814
Telangana,2013,0,0,0,0,0,0,0,0,100.0
Tripura,2013,233,124,29,407,7,827,0,1627,96.88588600084216
Uttar Pradesh,2013,3050,9737,2335,7303,25,8781,37,31268,40.15235616123722
Uttarakhand,2013,228,633,43,295,72,435,13,1719,96.70979596524136
West Bengal,2013,1685,3830,481,4913,577,18116,104,29706,43.142058722198826
A & N Islands,2013,27,12,1,45,8,9,4,106,99.79711365463385
Chandigarh,2013,45,174,1,143,26,92,6,487,99.06787122459136
D&N Haveli,2013,5,11,0,1,1,1,2,21,99.95980553535199
Daman & Diu,2013,8,6,0,2,0,2,6,24,99.9540634689737
Delhi UT,2013,1636,3609,144,3515,916,3033,20,12873,75.36079317076906
Lakshadweep,2013,2,0,0,1,0,0,0,3,99.99425793362171
Puducherry,2013,17,25,1,12,8,8,0,71,99.8641044290472
Andhra Pradesh,2014,961,721,468,4547,1072,6362,204,14335,72.56249282241703
Arunachal Pradesh,2014,83,91,0,121,21,42,0,358,99.31478007885771
Assam,2014,1980,3895,92,3099,458,9626,29,19179,63.29096964360908
Bihar,2014,1127,4735,2203,572,271,4672,31,13611,73.94824484171036
Chhattisgarh,2014,1436,1393,8,2122,649,964,2,6574,87.41721854304636
Goa,2014,95,86,0,202,50,35,9,477,99.08701144585231
Gujarat,2014,841,2187,53,1352,405,5991,45,10874,79.18692340083452
Haryana,2014,1174,1922,13,1688,599,3478,43,8917,82.93266470160395
Himachal Pradesh,2014,283,227,2,538,159,325,5,1539,97.0543199479386
Jammu & Kashmir,2014,331,813,1,1421,242,467,1,3276,93.72966351491023
Jharkhand,2014,1050,885,1538,440,114,1462,11,5500,89.47287830647322
Karnataka,2014,1324,1457,1730,5263,253,3025,388,13440,74.27554262527275
Kerala,2014,1347,143,3,4367,980,4919,91,11850,77.31883780576504
Madhya Pradesh,2014,5076,5688,113,9609,3163,6451,15,30115,42.35922367262566
Maharashtra,2014,3438,2457,39,10001,4052,7696,202,27885,46.62749301381924
Manipur,2014,75,121,0,98,5,41,0,340,99.34923247712743
Meghalaya,2014,118,38,1,105,0,42,3,307,99.4123952072886
Mizoram,2014,120,3,0,97,53,8,0,281,99.46215978256708
Nagaland,2014,30,13,0,16,5,3,1,68,99.86984649542549
Odisha,2014,1978,2436,646,5543,802,3114,32,14551,72.14906404318035
Punjab,2014,981,1176,5,1113,344,1681,63,5363,89.73509933774835
Rajasthan,2014,3759,4421,12,5999,727,15905,78,30901,40.85480228151438
Sikkim,2014,47,12,0,34,14,5,0,112,99.78562952187727
Tamil Nadu,2014,455,1502,292,1102,46,2103,471,5971,88.57137388508211
Telangana,2014,979,711,563,3188,620,6369,192,12622,75.8412127244191
Tripura,2014,239,102,1,492,82,702,0,1618,96.90311219997703
Uttar Pradesh,2014,3467,10626,2133,8605,4435,10471,37,39774,23.87168395666653
Uttarakhand,2014,270,275,104,343,22,301,19,1334,97.44669448378824
West Bengal,2014,1466,4976,1,5670,1045,23278,80,36516,30.107568043486594
A & N Islands,2014,32,17,0,41,18,14,1,123,99.76457527849021
Chandigarh,2014,59,133,2,87,31,141,0,453,99.13294797687861
D&N Haveli,2014,5,7,0,2,0,6,0,20,99.96171955747809
Daman & Diu,2014,2,1,0,3,3,1,8,18,99.96554760173028
Delhi UT,2014,2096,4034,13,4322,1186,3173,8,14832,71.61122382574743
Lakshadweep,2014,1,0,0,1,0,0,0,2,99.99617195574781
Puducherry,2014,10,7,14,32,12,4,1,80,99.84687822991233
Andhra Pradesh,2015,1027,684,174,4616,1070,6121,204,13896,73.40274853577307
Arunachal Pradesh,2015,71,128,0,101,15,66,2,383,99.26692952570532
Assam,2015,1733,5039,216,4293,499,11225,47,23052,55.87796194924014
Bihar,2015,1041,5158,1154,198,78,3792,21,11442,78.09975883321212
Chhattisgarh,2015,1560,1354,89,1868,507,620,4,6002,88.51203919917315
Goa,2015,86,70,0,150,58,19,3,386,99.26118745932703
Gujarat,2015,503,1569,12,1164,536,4133,35,7952,84.77969605328637
Haryana,2015,1070,2336,243,1886,688,3525,44,9792,81.25789534127014
Himachal Pradesh,2015,244,239,2,434,99,226,6,1250,97.60747234238028
Jammu & Kashmir,2015,296,1071,6,1343,244,400,0,3360,93.56888565631819
Jharkhand,2015,1053,930,267,844,531,1654,3,5282,89.8901351299621
Karnataka,2015,589,1611,254,5112,535,2732,420,11253,78.46150901504421
Kerala,2015,1256,192,8,3987,1145,3668,135,10391,80.11139608773877
Madhya Pradesh,2015,4391,4547,664,8049,2559,5281,25,25516,51.16181143054014
Maharashtra,2015,4144,5096,268,11713,4751,7640,381,33993,34.936645867626225
Manipur,2015,46,94,0,84,2,39,0,265,99.49278413658462
Meghalaya,2015,93,58,1,95,22,44,0,313,99.40091107453202
Mizoram,2015,58,8,0,75,53,9,0,203,99.61145350840256
Nagaland,2015,35,30,0,8,6,4,3,86,99.83539409715576
Odisha,2015,2251,2587,356,6499,886,3605,35,16219,68.95647513685257
Punjab,2015,886,1253,85,1123,400,1583,69,5399,89.6661945412089
Rajasthan,2015,3644,4167,463,4813,649,14383,86,28205,46.015005933468586
Sikkim,2015,5,21,1,21,5,2,0,55,99.89472878306474
Tamil Nadu,2015,421,1335,65,1163,197,1900,491,5572,89.33506871339432
Telangana,2015,1105,648,262,3608,620,7329,252,13824,73.54055812885197
Tripura,2015,213,120,28,352,28,501,2,1244,97.61895647513686
Uttar Pradesh,2015,3025,10135,2335,7885,5925,8660,33,37998,27.270987252612642
Uttarakhand,2015,283,336,54,318,51,407,18,1467,97.1921295410175
West Bengal,2015,1199,3938,498,5069,674,20163,101,31642,39.436511886077405
A & N Islands,2015,36,21,0,57,23,14,0,151,99.71098265895954
Chandigarh,2015,72,165,5,76,22,126,0,466,99.10806568923937
D&N Haveli,2015,8,9,1,5,0,2,0,25,99.9521494468476
Daman & Diu,2015,5,13,0,7,3,3,0,31,99.94066531409104
Delhi UT,2015,2199,4301,122,5367,1150,3521,3,16663,68.10664931286605
Lakshadweep,2015,0,0,0,6,0,2,0,8,99.98468782299123
Puducherry,2015,3,14,1,33,10,4,1,66,99.87367453967768
Andhra Pradesh,2016,994,626,193,4829,1305,6461,186,14594,72.06676109175822
Arunachal Pradesh,2016,92,85,1,109,4,50,0,341,99.34731845500134
Assam,2016,1779,5339,157,3378,677,9321,65,20716,60.34911763579987
Bihar,2016,1008,5496,987,324,124,3794,50,11783,77.44707728821345
Chhattisgarh,2016,1626,1447,84,1770,244,622,17,5810,88.87953144738353
Goa,2016,61,69,2,143,41,23,3,342,99.34540443287524
Gujarat,2016,982,2146,12,1224,473,3732,76,8645,83.453278719902
Haryana,2016,1187,2697,260,1860,699,3313,59,10075,80.71622707958504
Himachal Pradesh,2016,252,201,3,410,114,214,7,1201,97.70125942655898
Jammu & Kashmir,2016,256,774,6,1235,253,342,1,2867,94.51249856448341
Jharkhand,2016,1109,693,278,667,373,1002,0,4122,92.11040079623321
Karnataka,2016,1655,1923,234,5260,703,2556,323,12654,75.77996401638403
Kerala,2016,1656,166,25,4029,1273,3455,113,10717,79.48742487463156
Madhya Pradesh,2016,4882,4904,629,8717,3128,6264,20,28544,45.36615243272212
Maharashtra,2016,4189,6170,248,11396,4057,7215,303,33578,35.73096504995597
Manipur,2016,55,95,0,65,15,29,0,259,99.5042682693412
Meghalaya,2016,190,51,0,68,20,26,2,357,99.31669410098381
Mizoram,2016,23,3,0,71,44,19,3,163,99.6880143934464
Nagaland,2016,26,50,1,14,6,3,0,100,99.80859778739043
Odisha,2016,1983,2291,397,8252,979,2781,38,16721,67.9956360295525
Punjab,2016,838,1208,80,1025,325,1568,64,5108,90.22317497990277
Rajasthan,2016,3656,4010,462,4839,483,13811,56,27317,47.71465758144164
Sikkim,2016,92,12,0,34,8,2,0,148,99.71672472533783
Tamil Nadu,2016,319,1043,58,854,115,1256,432,4077,92.19653179190752
Telangana,2016,1278,987,254,3767,859,7202,240,14587,72.08015924664089
Tripura,2016,207,119,19,214,52,430,0,1041,98.0075029667343
Uttar Pradesh,2016,4816,12994,2473,11335,9422,11156,50,52246,0.0
Uttarakhand,2016,336,377,57,344,35,392,11,1552,97.02943766029935
West Bengal,2016,1110,4494,535,4177,663,19302,87,30368,41.87497607472343
A & N Islands,2016,30,21,0,46,15,7,0,119,99.7722313669946
Chandigarh,2016,68,112,4,76,26,122,0,408,99.21907897255292
D&N Haveli,2016,14,5,0,1,0,6,0,26,99.95023542472151
Daman & Diu,2016,12,9,0,4,0,8,4,37,99.92918118133446
Delhi UT,2016,2155,3891,162,4165,796,3877,4,15050,71.19396700225855
Lakshadweep,2016,5,0,0,1,0,2,0,8,99.98468782299123
Puducherry,2016,6,11,0,43,13,15,0,88,99.83156605290357
Andhra Pradesh,2017,988,712,152,5129,1998,7156,121,16256,68.88565631818705
Arunachal Pradesh,2017,59,74,0,97,5,56,2,293,99.43919151705394
Assam,2017,1772,5554,171,3569,108,9782,40,20996,59.81319144049305
Bihar,2017,605,6182,1081,197,1,3776,24,11866,77.28821345174751
Chhattisgarh,2017,1908,1457,74,1899,144,582,16,6080,88.36274547333767
Goa,2017,76,61,1,134,31,21,1,325,99.37794280901888
Gujarat,2017,477,1259,9,1058,17,3223,28,6071,88.37997167247254
Haryana,2017,1099,2949,245,2031,179,3326,57,9886,81.07797726141715
Himachal Pradesh,2017,249,242,3,397,52,191,8,1142,97.81418673199862
Jammu & Kashmir,2017,296,931,8,1417,41,377,0,3070,94.12395207288597
Jharkhand,2017,914,1033,248,748,104,998,4,4049,92.2501244114382
Karnataka,2017,546,967,206,5763,212,2332,236,10262,80.35830494200513
Kerala,2017,2003,184,12,4413,421,2856,21,9910,81.03204073039085
Madhya Pradesh,2017,5562,5200,632,9252,277,6099,27,27049,48.227615511235314
Maharashtra,2017,1933,6248,233,9392,919,6584,248,25557,51.08333652337021
Manipur,2017,40,70,0,66,8,19,0,203,99.61145350840256
Meghalaya,2017,119,54,1,88,21,20,0,303,99.42005129579297
Mizoram,2017,25,0,0,64,2,20,0,111,99.78754354400337
Nagaland,2017,10,7,0,12,0,3,3,35,99.93300922558664
Odisha,2017,2070,2773,326,9132,490,2525,21,17337,66.8165983998775
Punjab,2017,530,1099,68,933,22,1199,7,3858,92.61570263752249
Rajasthan,2017,3305,3838,457,4883,24,11508,86,24101,53.87015273896566
Sikkim,2017,17,27,0,21,7,5,0,77,99.85262029629062
Tamil Nadu,2017,283,859,48,744,9,984,403,3330,93.62630632010107
Telangana,2017,552,934,251,4409,1160,7838,79,15223,70.86284117444397
Tripura,2017,95,90,33,225,9,348,0,800,98.46878229912338
Uttar Pradesh,2017,4246,14993,2524,12607,91,12653,25,47139,9.774910997971133
Uttarakhand,2017,374,371,60,435,4,394,6,1644,96.85334762469854
West Bengal,2017,1084,4232,499,3832,448,16800,67,26962,48.394135436205644
A & N Islands,2017,13,3,1,38,11,4,0,70,99.86601845117329
Chandigarh,2017,65,138,1,100,12,121,0,437,99.16357233089614
D&N Haveli,2017,1,0,0,3,0,4,0,8,99.98468782299123
Daman & Diu,2017,7,0,0,6,1,5,0,19,99.96363357960418
Delhi UT,2017,1229,3783,120,2874,619,2735,6,11366,78.2452245147954
Lakshadweep,2017,0,0,0,0,0,2,0,2,99.99617195574781
Puducherry,2017,7,9,2,33,4,5,0,60,99.88515867243426
Andhra Pradesh,2018,971,697,140,4445,1802,6831,152,15038,71.2169352677717
Arunachal Pradesh,2018,67,87,0,103,12,60,0,329,99.37028672051449
Assam,2018,1648,6401,173,4180,171,11136,37,23746,54.54963059372967
Bihar,2018,651,7951,1107,262,30,2539,49,12589,75.90437545458025
Chhattisgarh,2018,2091,1842,79,1854,184,503,15,6568,87.42870267580294
Goa,2018,61,78,0,125,26,9,7,306,99.4143092294147
Gujarat,2018,553,1024,9,1208,12,2923,34,5763,88.96949048731004
Haryana,2018,1296,3419,216,2671,192,4154,43,11991,77.04896068598553
Himachal Pradesh,2018,344,341,4,513,78,183,10,1473,97.18064540826092
Jammu & Kashmir,2018,320,1061,8,1597,25,325,1,3337,93.61290816521839
Jharkhand,2018,1090,1018,252,1378,37,1032,9,4816,90.78206944072274
Karnataka,2018,492,1240,200,5204,138,2053,179,9506,81.80530566933353
Kerala,2018,1945,173,17,4544,461,2046,4,9190,82.4101366611798
Madhya Pradesh,2018,5433,6126,547,8790,270,4159,40,25365,51.450828771580596
Maharashtra,2018,2142,6825,200,10835,1074,6862,200,28138,46.14324541591701
Manipur,2018,52,85,0,56,8,14,0,215,99.5884852428894
Meghalaya,2018,87,58,1,95,16,18,2,277,99.46981587107148
Mizoram,2018,50,1,0,67,1,6,0,125,99.76074723423802
Nagaland,2018,10,35,0,10,5,3,1,64,99.87750258392987
Odisha,2018,918,2611,372,9973,506,1984,10,16374,68.65980170730774
Punjab,2018,831,1266,67,956,19,1470,6,4615,91.16678788806799
Rajasthan,2018,4335,4247,404,5249,34,12250,62,26581,49.12337786624813
Sikkim,2018,16,7,1,23,5,1,0,53,99.89855682731692
Tamil Nadu,2018,331,896,55,814,14,789,386,3285,93.71243731577538
Telangana,2018,606,1121,186,4567,878,6286,81,13725,73.73004631933546
Tripura,2018,97,139,18,165,6,303,2,730,98.60276384795009
Uttar Pradesh,2018,3946,15381,2444,12555,17,14233,27,48603,6.972782605366916
Uttarakhand,2018,561,502,63,548,8,622,0,2304,95.59009302147533
West Bengal,2018,1069,4249,444,3399,391,16951,97,26600,49.08701144585231
A & N Islands,2018,30,2,0,35,4,4,0,75,99.85644834054281
Chandigarh,2018,86,139,6,100,3,93,0,427,99.1827125521571
D&N Haveli,2018,7,0,0,6,2,1,0,16,99.96937564598247
Daman & Diu,2018,3,0,0,5,1,4,0,13,99.97511771236076
Delhi UT,2018,1215,3715,153,2705,552,3416,1,11757,77.49684186349194
Lakshadweep,2018,2,0,0,0,1,1,0,4,99.99234391149562
Puducherry,2018,0,14,0,60,9,8,4,95,99.8181678980209
Andhra Pradesh,2019,1086,589,112,4444,1892,7851,88,16062,69.25697661064962
Arunachal Pradesh,2019,63,68,1,80,6,54,0,272,99.47938598170195
Assam,2019,1773,6989,156,4619,385,11943,12,25877,50.47084944301956
Bihar,2019,730,9025,1120,312,11,2397,40,13635,73.90230831068408
Chhattisgarh,2019,1036,2033,76,1316,232,732,12,5437,89.59346170041725
Goa,2019,72,52,1,119,37,9,1,291,99.44301956130613
Gujarat,2019,528,922,9,1048,16,3619,24,6166,88.19813957049344
Haryana,2019,1480,2803,248,2581,173,4867,28,12180,76.68721050415343
Himachal Pradesh,2019,359,337,4,498,72,228,10,1508,97.11365463384757
Jammu & Kashmir,2019,223,893,8,1440,15,347,0,2926,94.39957125904375
Jharkhand,2019,1416,1008,299,1646,7,1426,4,5806,88.88718753588792
Karnataka,2019,505,1056,194,4937,107,2472,214,9485,81.84550013398155
Kerala,2019,2023,227,8,4507,435,2970,10,10180,80.51525475634499
Madhya Pradesh,2019,2485,6091,550,5585,174,5486,21,20392,60.9692608046549
Maharashtra,2019,2299,6906,196,10472,1074,8430,152,29529,43.48084063851778
Manipur,2019,36,84,0,59,7,15,0,201,99.61528155265475
Meghalaya,2019,102,71,3,96,18,23,3,316,99.39516900815373
Mizoram,2019,42,2,0,35,0,5,0,84,99.83922214140796
Nagaland,2019,8,13,0,8,1,0,0,30,99.94257933621712
Odisha,2019,1382,3934,342,11308,536,2739,19,20260,61.22191172529954
Punjab,2019,1002,1534,69,944,35,1595,9,5188,90.0700532098151
Rajasthan,2019,5997,5907,452,8802,69,18432,40,39699,24.015235616123718
Sikkim,2019,11,0,0,21,2,1,0,35,99.93300922558664
Tamil Nadu,2019,362,699,28,803,7,781,349,3029,94.20242698005589
Telangana,2019,873,1322,163,4190,695,8541,22,15806,69.74696627493014
Tripura,2019,88,138,38,153,5,451,0,873,98.32905868391839
Uttar Pradesh,2019,3065,11649,2410,11988,42,18304,22,47480,9.122229452972476
Uttarakhand,2019,526,375,57,475,10,644,3,2090,95.99969375645982
West Bengal,2019,1069,4249,444,3399,391,16951,97,26600,49.08701144585231
A & N Islands,2019,13,0,0,25,3,1,0,42,99.91961107070398
Chandigarh,2019,112,129,6,66,15,177,0,505,99.03341882632164
D&N Haveli,2019,0,1,3,3,0,3,0,10,99.98085977873905
Daman & Diu,2019,4,2,2,5,3,4,1,21,99.95980553535199
Delhi UT,2019,1253,3672,116,2355,456,3792,4,11648,77.70547027523638
Lakshadweep,2019,0,0,0,5,8,0,0,13,99.97511771236076
Puducherry,2019,10,0,0,23,0,8,0,41,99.92152509283007
Andhra Pradesh,2020,1095,534,111,4886,2342,6546,48,15562,70.21398767369752
Arunachal Pradesh,2020,60,45,0,73,3,69,0,250,99.52149446847605
Assam,2020,1657,5364,148,4642,90,11408,18,23327,55.351605864563794
Bihar,2020,806,6671,1046,584,6,1935,30,11078,78.79646288711098
Chhattisgarh,2020,1210,1341,71,1461,279,641,3,5006,90.41840523676454
Goa,2020,60,31,0,67,35,8,0,201,99.61528155265475
Gujarat,2020,486,597,6,846,17,3345,47,5344,89.77146575814416
Haryana,2020,1373,2423,251,2339,183,4119,28,10716,79.48933889675764
Himachal Pradesh,2020,331,281,1,538,88,259,0,1498,97.13279485510853
Jammu & Kashmir,2020,1321,993,275,1358,6,857,2,4812,90.78972552922711
Jharkhand,2020,504,923,176,4751,70,2055,159,8638,83.46667687478467
Karnataka,2020,637,151,6,3890,442,2707,5,7838,84.99789457566129
Kerala,2020,2339,4782,608,5378,200,5540,14,18861,63.89962867970754
Madhya Pradesh,2020,2061,5254,197,9965,969,6729,85,25260,51.651801094820655
Maharashtra,2020,32,49,1,61,8,7,0,158,99.69758450407687
Manipur,2020,67,29,1,86,16,17,0,216,99.58657122076332
Meghalaya,2020,33,1,0,26,3,7,0,70,99.86601845117329
Mizoram,2020,4,6,1,7,2,2,0,22,99.95789151322589
Nagaland,2020,1211,3775,320,12605,615,3659,19,22204,57.501052712169354
Odisha,2020,502,1241,63,731,28,1271,11,3847,92.63675688090954
Punjab,2020,5310,4739,479,8661,85,13765,67,33106,36.63438349347319
Rajasthan,2020,12,11,0,18,0,1,0,42,99.91961107070398
Sikkim,2020,389,633,40,892,31,689,231,2905,94.43976572369176
Tamil Nadu,2020,764,1314,158,4907,565,7453,13,15174,70.95662825862267
Telangana,2020,79,110,23,115,3,356,0,686,98.6869808214983
Tripura,2020,2769,9109,2274,9864,28,14454,25,38523,26.266125636412355
Uttar Pradesh,2020,487,349,65,474,43,668,8,2094,95.99203766795544
Uttarakhand,2020,1128,7740,522,2488,446,19962,52,32338,38.10435248631474
West Bengal,2020,2,1,0,15,3,2,0,23,99.9559774910998
A & N Islands,2020,60,90,1,42,4,96,0,293,99.43919151705394
Chandigarh,2020,4,0,1,6,3,4,0,18,99.96554760173028
D&N Haveli,2020,997,2938,110,1840,416,2557,3,8861,83.0398499406653
Daman & Diu,2020,243,775,9,1744,35,349,0,3155,93.96126019216783
Delhi UT,2020,2,0,0,4,0,3,0,9,99.98277380086513
Lakshadweep,2020,3,0,0,3,1,0,0,7,99.98660184511733
Puducherry,2020,8,0,2,25,0,9,0,44,99.91578302645179
Andhra Pradesh,2021,1188,613,108,5108,2370,7092,70,16549,68.32484783524097
Arunachal Pradesh,2021,83,50,0,74,10,112,0,329,99.37028672051449
Assam,2021,1733,5739,198,4499,184,12950,22,25325,51.52738965662443
Bihar,2021,786,8661,1000,387,1,2069,32,12936,75.24020977682503
Chhattisgarh,2021,1093,1158,65,1248,238,963,3,4768,90.87394250277534
Goa,2021,72,39,0,74,20,1,1,207,99.60379741989817
Gujarat,2021,589,881,11,660,7,2271,38,4457,91.46920338399111
Haryana,2021,1716,2958,275,2882,290,5755,28,13904,73.3874363587643
Himachal Pradesh,2021,358,344,2,487,94,221,6,1512,97.10599854534318
Jammu & Kashmir,2021,1425,1159,281,1335,6,931,3,5140,90.1619262718677
Jharkhand,2021,555,906,158,5105,71,2336,190,9321,82.15939976266125
Karnataka,2021,771,179,9,4059,504,4997,5,10524,79.85683114496803
Kerala,2021,2947,6106,522,5760,250,7929,15,23529,54.96497339509245
Madhya Pradesh,2021,2496,7559,172,10568,1038,10095,95,32023,38.70726945603491
Maharashtra,2021,26,44,2,92,16,18,0,198,99.62102361903304
Manipur,2021,75,42,0,92,24,21,3,257,99.50809631359338
Meghalaya,2021,26,0,0,31,0,11,0,68,99.86984649542549
Mizoram,2021,4,5,0,11,1,2,0,23,99.9559774910998
Nagaland,2021,1456,5175,293,14853,838,4889,31,27535,47.29740075795276
Odisha,2021,464,1616,69,678,39,1714,12,4592,91.21081039696818
Punjab,2021,6337,5964,452,9079,73,16949,40,38894,25.55602342763082
Rajasthan,2021,8,1,0,17,0,3,0,29,99.94449335834322
Sikkim,2021,422,638,27,1077,32,875,381,3452,93.39279562071738
Tamil Nadu,2021,823,1934,175,4365,775,9468,12,17552,66.40508364276691
Telangana,2021,61,115,22,94,1,355,0,648,98.75971366228994
Tripura,2021,2845,10574,2222,9393,27,18375,12,43448,16.83956666539065
Uttar Pradesh,2021,534,402,72,655,13,519,17,2212,95.76618305707613
Uttarakhand,2021,1123,7376,454,2485,424,19952,50,31864,39.01159897408414
West Bengal,2021,15,0,1,32,4,4,0,56,99.89281476093863
A & N Islands,2021,74,120,4,37,6,95,0,336,99.35688856563182
Chandigarh,2021,3,23,0,7,0,6,0,39,99.92535313708227
D&N Haveli,2021,1250,4083,141,2068,417,4731,4,12694,75.7034031313402
Daman & Diu,2021,315,904,16,1851,10,501,1,3598,93.1133483903074
Delhi UT,2021,2,1,0,5,1,9,0,18,99.96554760173028
Lakshadweep,2021,0,0,0,1,1,3,0,5,99.99042988936952
Puducherry,2021,2,0,2,31,3,12,0,50,99.90429889369521
